{
    "field_image": {
        "default": "Charged Up"
    },
    "paths": {
        "pick3": {
            "obstacles": [
                {
                    "center_x": 12.989277248377185,
                    "center_y": 1.6264701001203439,
                    "name": "chgstat",
                    "obstacle_type": "circle",
                    "radius": 2.5,
                    "safety_distance": 0.0
                }
            ],
            "waypoints": [
                {
                    "angular_velocity": 0.0,
                    "angular_velocity_constrained": true,
                    "control_interval_count": 30,
                    "heading": 0.0,
                    "heading_constrained": true,
                    "name": "place",
                    "velocity_magnitude_constrained": true,
                    "velocity_x": 0.0,
                    "velocity_x_constrained": true,
                    "velocity_y": 0.0,
                    "velocity_y_constrained": true,
                    "waypoint_type": "custom",
                    "x": 14.460557623914534,
                    "x_constrained": true,
                    "y": 4.483030936467877,
                    "y_constrained": true
                },
                {
                    "angular_velocity": 0.0,
                    "angular_velocity_constrained": false,
                    "control_interval_count": 25,
                    "heading": 0.0,
                    "heading_constrained": true,
                    "name": "stay aligned",
                    "velocity_magnitude_constrained": false,
                    "velocity_x": 0.0,
                    "velocity_x_constrained": false,
                    "velocity_y": 0.0,
                    "velocity_y_constrained": false,
                    "waypoint_type": "custom",
                    "x": 12.5730262190178,
                    "x_constrained": true,
                    "y": 4.810060720821404,
                    "y_constrained": true
                },
                {
                    "angular_velocity": 0.0,
                    "angular_velocity_constrained": true,
                    "control_interval_count": 30,
                    "heading": -2.3561944901923457,
                    "heading_constrained": true,
                    "name": "align pick",
                    "velocity_magnitude_constrained": true,
                    "velocity_x": -0.4499999999999993,
                    "velocity_x_constrained": false,
                    "velocity_y": -0.4500000000000002,
                    "velocity_y_constrained": false,
                    "waypoint_type": "custom",
                    "x": 10.313646639887583,
                    "x_constrained": true,
                    "y": 3.5327814971674347,
                    "y_constrained": true
                },
                {
                    "angular_velocity": 0.0,
                    "angular_velocity_constrained": true,
                    "control_interval_count": 20,
                    "heading": -2.3420807274344924,
                    "heading_constrained": true,
                    "name": "pick",
                    "velocity_magnitude_constrained": true,
                    "velocity_x": 0.0,
                    "velocity_x_constrained": true,
                    "velocity_y": 0.0,
                    "velocity_y_constrained": true,
                    "waypoint_type": "custom",
                    "x": 9.75918458474652,
                    "x_constrained": true,
                    "y": 2.9700968481329495,
                    "y_constrained": true
                }
            ]
        }
    },
    "robot_configuration": {
        "bumper_length": 0.954,
        "bumper_width": 0.903,
        "mass": 90.718474,
        "moment_of_inertia": 5.0,
        "motor_max_angular_speed": 83.7758040957278,
        "motor_max_torque": 4.0,
        "team_number": 2363,
        "wheel_horizontal_distance": 0.622,
        "wheel_radius": 0.051,
        "wheel_vertical_distance": 0.572
    },
    "selected_path_index": 0,
    "unit_preferences": {
        "acceleration_unit": "metre_per_second",
        "angle_unit": "degree_angle",
        "angular_speed_unit": "revolution_per_minute",
        "length_unit": "metre",
        "mass_unit": "kilogram",
        "moment_of_inertia_unit": "kilogram_square_metre",
        "speed_unit": "metre_per_second",
        "time_unit": "second",
        "torque_unit": "newton_metre"
    }
}
