{
  "HALProvider": {
    "Other Devices": {
      "SPARK MAX [1]": {
        "header": {
          "open": true
        }
      },
      "SPARK MAX [2]": {
        "header": {
          "open": true
        }
      }
    }
  },
  "NTProvider": {
    "types": {
      "/FMSInfo": "FMSInfo",
      "/LiveWindow/Ungrouped/PWMSparkMax[0]": "Motor Controller",
      "/LiveWindow/Ungrouped/navX-Sensor[4]": "Gyro",
      "/SmartDashboard/Auto Modes": "String Chooser",
      "/SmartDashboard/Field": "Field2d",
      "/SmartDashboard/Select Auton:": "String Chooser"
    }
  }
}
