{
  "FMS": {
    "window": {
      "visible": false
    }
  },
  "Joysticks": {
    "window": {
      "visible": false
    }
  },
  "keyboardJoysticks": [
    {
      "axisConfig": [
        {
          "decKey": 81,
          "decayRate": 1.0,
          "incKey": 69,
          "keyRate": 1.0
        },
        {},
        {
          "decayRate": 0.0,
          "incKey": 82,
          "keyRate": 0.009999999776482582
        },
        {},
        {
          "decKey": 65,
          "decayRate": 1.0,
          "incKey": 68,
          "keyRate": 1.0
        },
        {
          "decKey": 87,
          "decayRate": 1.0,
          "incKey": 83,
          "keyRate": 1.0
        }
      ],
      "axisCount": 6,
      "buttonCount": 4,
      "buttonKeys": [
        90,
        88,
        67,
        86
      ],
      "povConfig": [
        {
          "key0": 328,
          "key135": 323,
          "key180": 322,
          "key225": 321,
          "key270": 324,
          "key315": 327,
          "key45": 329,
          "key90": 326
        }
      ],
      "povCount": 1
    },
    {
      "axisConfig": [
        {
          "incKey": 76
        },
        {
          "decKey": 73
        }
      ],
      "axisCount": 0,
      "buttonCount": 4,
      "buttonKeys": [
        74,
        75,
        78,
        77,
        -1,
        -1
      ],
      "povCount": 0
    },
    {
      "axisConfig": [
        {
          "decKey": 263,
          "incKey": 262
        },
        {
          "decKey": 265,
          "incKey": 264
        }
      ],
      "axisCount": 2,
      "buttonCount": 6,
      "buttonKeys": [
        260,
        268,
        266,
        261,
        269,
        267
      ],
      "povCount": 0
    },
    {
      "axisCount": 0,
      "buttonCount": 0,
      "povCount": 0
    }
  ],
  "robotJoysticks": [
    {
      "guid": "Keyboard0"
    },
    {
      "guid": "Keyboard1"
    }
  ]
}
