{
    "field_image": {
        "default": "Charged Up"
    },
    "paths": {
        "pick4": {
            "obstacles": [],
            "waypoints": [
                {
                    "angular_velocity": 0.0,
                    "angular_velocity_constrained": true,
                    "control_interval_count": 0,
                    "heading": 3.141592653589793,
                    "heading_constrained": true,
                    "name": "place 7",
                    "velocity_magnitude_constrained": true,
                    "velocity_x": 0.0,
                    "velocity_x_constrained": true,
                    "velocity_y": 0.0,
                    "velocity_y_constrained": true,
                    "waypoint_type": "custom",
                    "x": 1.955248984000002,
                    "x_constrained": true,
                    "y": 3.9052839492485614,
                    "y_constrained": true
                },
                {
                    "angular_velocity": 0.0,
                    "angular_velocity_constrained": true,
                    "control_interval_count": 30,
                    "heading": 3.141592653589793,
                    "heading_constrained": true,
                    "name": "stay aligned",
                    "velocity_magnitude_constrained": false,
                    "velocity_x": 0.0,
                    "velocity_x_constrained": false,
                    "velocity_y": 0.0,
                    "velocity_y_constrained": false,
                    "waypoint_type": "custom",
                    "x": 2.2910645108914043,
                    "x_constrained": true,
                    "y": 4.371461898333602,
                    "y_constrained": true
                },
                {
                    "angular_velocity": 0.0,
                    "angular_velocity_constrained": false,
                    "control_interval_count": 100,
                    "heading": 3.141592653589793,
                    "heading_constrained": false,
                    "name": "ctrl pt 1",
                    "velocity_magnitude_constrained": false,
                    "velocity_x": 0.0,
                    "velocity_x_constrained": false,
                    "velocity_y": 0.0,
                    "velocity_y_constrained": false,
                    "waypoint_type": "custom",
                    "x": 3.4922357429162076,
                    "x_constrained": true,
                    "y": 4.728453957638083,
                    "y_constrained": true
                },
                {
                    "angular_velocity": 0.0,
                    "angular_velocity_constrained": false,
                    "control_interval_count": 100,
                    "heading": 3.141592653589793,
                    "heading_constrained": false,
                    "name": "ctrl pt 2",
                    "velocity_magnitude_constrained": false,
                    "velocity_x": 0.0,
                    "velocity_x_constrained": false,
                    "velocity_y": 0.0,
                    "velocity_y_constrained": false,
                    "waypoint_type": "custom",
                    "x": 5.007991932794804,
                    "x_constrained": true,
                    "y": 4.722218468617512,
                    "y_constrained": true
                },
                {
                    "angular_velocity": 0.0,
                    "angular_velocity_constrained": true,
                    "control_interval_count": 30,
                    "heading": 5.497787143782138,
                    "heading_constrained": true,
                    "name": "align pick 3",
                    "velocity_magnitude_constrained": false,
                    "velocity_x": 1.0,
                    "velocity_x_constrained": true,
                    "velocity_y": -1.0,
                    "velocity_y_constrained": true,
                    "waypoint_type": "custom",
                    "x": 6.341748984000002,
                    "x_constrained": true,
                    "y": 3.95,
                    "y_constrained": true
                },
                {
                    "angular_velocity": 0.0,
                    "angular_velocity_constrained": true,
                    "control_interval_count": 20,
                    "heading": 5.4836733810242855,
                    "heading_constrained": true,
                    "name": "pick 3",
                    "velocity_magnitude_constrained": true,
                    "velocity_x": 0.0,
                    "velocity_x_constrained": true,
                    "velocity_y": 0.0,
                    "velocity_y_constrained": true,
                    "waypoint_type": "custom",
                    "x": 6.896211039141065,
                    "x_constrained": true,
                    "y": 3.387315350965515,
                    "y_constrained": true
                }
            ]
        }
    },
    "robot_configuration": {
        "bumper_length": 0.954,
        "bumper_width": 0.903,
        "mass": 90.718474,
        "moment_of_inertia": 5.0,
        "motor_max_angular_speed": 73.30382858376184,
        "motor_max_torque": 3.1,
        "team_number": 2363,
        "wheel_horizontal_distance": 0.622,
        "wheel_radius": 0.051,
        "wheel_vertical_distance": 0.572
    },
    "selected_path_index": 0,
    "unit_preferences": {
        "acceleration_unit": "metre_per_second",
        "angle_unit": "degree_angle",
        "angular_speed_unit": "revolution_per_minute",
        "length_unit": "metre",
        "mass_unit": "kilogram",
        "moment_of_inertia_unit": "kilogram_square_metre",
        "speed_unit": "metre_per_second",
        "time_unit": "second",
        "torque_unit": "newton_metre"
    }
}
