{
    "field_image": {
        "default": "Charged Up"
    },
    "paths": {
        "pick1": {
            "obstacles": [],
            "waypoints": [
                {
                    "angular_velocity": 0.0,
                    "angular_velocity_constrained": true,
                    "control_interval_count": 0,
                    "heading": 3.141592653589793,
                    "heading_constrained": true,
                    "name": "Custom Waypoint 0",
                    "velocity_magnitude_constrained": true,
                    "velocity_x": 0.0,
                    "velocity_x_constrained": true,
                    "velocity_y": 0.0,
                    "velocity_y_constrained": true,
                    "waypoint_type": "custom",
                    "x": 1.9355777593077477,
                    "x_constrained": true,
                    "y": 0.5170177190245612,
                    "y_constrained": true
                },
                {
                    "angular_velocity": 0.0,
                    "angular_velocity_constrained": false,
                    "control_interval_count": 30,
                    "heading": 3.141592653589793,
                    "heading_constrained": true,
                    "name": "Custom Waypoint 5",
                    "velocity_magnitude_constrained": false,
                    "velocity_x": 0.0,
                    "velocity_x_constrained": false,
                    "velocity_y": 0.0,
                    "velocity_y_constrained": false,
                    "waypoint_type": "custom",
                    "x": 2.1519634430382037,
                    "x_constrained": true,
                    "y": 0.7182973763365106,
                    "y_constrained": true
                },
                {
                    "angular_velocity": 0.0,
                    "angular_velocity_constrained": true,
                    "control_interval_count": 30,
                    "heading": 0.0,
                    "heading_constrained": true,
                    "name": "Custom Waypoint 3",
                    "velocity_magnitude_constrained": false,
                    "velocity_x": 0.0,
                    "velocity_x_constrained": false,
                    "velocity_y": 0.0,
                    "velocity_y_constrained": false,
                    "waypoint_type": "custom",
                    "x": 3.216034143109855,
                    "x_constrained": true,
                    "y": 0.8196184951446538,
                    "y_constrained": true
                },
                {
                    "angular_velocity": 0.0,
                    "angular_velocity_constrained": false,
                    "control_interval_count": 20,
                    "heading": 0.0,
                    "heading_constrained": false,
                    "name": "Custom Waypoint 6",
                    "velocity_magnitude_constrained": false,
                    "velocity_x": 0.0,
                    "velocity_x_constrained": false,
                    "velocity_y": 0.0,
                    "velocity_y_constrained": false,
                    "waypoint_type": "custom",
                    "x": 3.8016076209939342,
                    "x_constrained": true,
                    "y": 0.8192704847367119,
                    "y_constrained": true
                },
                {
                    "angular_velocity": 0.0,
                    "angular_velocity_constrained": true,
                    "control_interval_count": 30,
                    "heading": 0.0,
                    "heading_constrained": true,
                    "name": "Custom Waypoint 6",
                    "velocity_magnitude_constrained": true,
                    "velocity_x": 0.0,
                    "velocity_x_constrained": true,
                    "velocity_y": 0.0,
                    "velocity_y_constrained": false,
                    "waypoint_type": "custom",
                    "x": 4.497904948077769,
                    "x_constrained": true,
                    "y": 0.8311498000328268,
                    "y_constrained": true
                },
                {
                    "angular_velocity": 0.0,
                    "angular_velocity_constrained": true,
                    "control_interval_count": 30,
                    "heading": 0.0,
                    "heading_constrained": true,
                    "name": "Custom Waypoint 2",
                    "velocity_magnitude_constrained": false,
                    "velocity_x": 0.3000000000000007,
                    "velocity_x_constrained": false,
                    "velocity_y": 0.0,
                    "velocity_y_constrained": false,
                    "waypoint_type": "custom",
                    "x": 6.3629383640897235,
                    "x_constrained": true,
                    "y": 1.0429105217509886,
                    "y_constrained": true
                },
                {
                    "angular_velocity": 0.0,
                    "angular_velocity_constrained": true,
                    "control_interval_count": 30,
                    "heading": 0.0,
                    "heading_constrained": true,
                    "name": "Custom Waypoint 2",
                    "velocity_magnitude_constrained": true,
                    "velocity_x": 0.0,
                    "velocity_x_constrained": true,
                    "velocity_y": 0.0,
                    "velocity_y_constrained": true,
                    "waypoint_type": "custom",
                    "x": 7.016324112561103,
                    "x_constrained": true,
                    "y": 1.043127683164853,
                    "y_constrained": true
                }
            ]
        }
    },
    "robot_configuration": {
        "bumper_length": 0.954,
        "bumper_width": 0.903,
        "mass": 46.7,
        "moment_of_inertia": 5.6,
        "motor_max_angular_speed": 41.8879020478639,
        "motor_max_torque": 1.5,
        "team_number": 2363,
        "wheel_horizontal_distance": 0.622,
        "wheel_radius": 0.051,
        "wheel_vertical_distance": 0.572
    },
    "selected_path_index": 0,
    "unit_preferences": {
        "acceleration_unit": "metre_per_second",
        "angle_unit": "degree_angle",
        "angular_speed_unit": "revolution_per_minute",
        "length_unit": "metre",
        "mass_unit": "kilogram",
        "moment_of_inertia_unit": "kilogram_square_metre",
        "speed_unit": "metre_per_second",
        "time_unit": "second",
        "torque_unit": "newton_metre"
    }
}
