{
    "field_image": {
        "default": "Charged Up"
    },
    "paths": {
        "pick4": {
            "obstacles": [],
            "waypoints": [
                {
                    "angular_velocity": 0.0,
                    "angular_velocity_constrained": true,
                    "control_interval_count": 0,
                    "heading": 0.0,
                    "heading_constrained": true,
                    "name": "place 7",
                    "velocity_magnitude_constrained": true,
                    "velocity_x": 0.0,
                    "velocity_x_constrained": true,
                    "velocity_y": 0.0,
                    "velocity_y_constrained": true,
                    "waypoint_type": "custom",
                    "x": 14.65,
                    "x_constrained": true,
                    "y": 3.9052839492485614,
                    "y_constrained": true
                },
                {
                    "angular_velocity": 0.0,
                    "angular_velocity_constrained": true,
                    "control_interval_count": 30,
                    "heading": 0.0,
                    "heading_constrained": true,
                    "name": "stay aligned",
                    "velocity_magnitude_constrained": false,
                    "velocity_x": 0.0,
                    "velocity_x_constrained": false,
                    "velocity_y": 0.0,
                    "velocity_y_constrained": false,
                    "waypoint_type": "custom",
                    "x": 14.414585038727925,
                    "x_constrained": true,
                    "y": 4.352696012815757,
                    "y_constrained": true
                },
                {
                    "angular_velocity": 0.0,
                    "angular_velocity_constrained": false,
                    "control_interval_count": 100,
                    "heading": 0.0,
                    "heading_constrained": false,
                    "name": "ctrl pt 1",
                    "velocity_magnitude_constrained": false,
                    "velocity_x": 0.0,
                    "velocity_x_constrained": false,
                    "velocity_y": 0.0,
                    "velocity_y_constrained": false,
                    "waypoint_type": "custom",
                    "x": 13.049513241083794,
                    "x_constrained": true,
                    "y": 4.728453957638083,
                    "y_constrained": true
                },
                {
                    "angular_velocity": 0.0,
                    "angular_velocity_constrained": false,
                    "control_interval_count": 100,
                    "heading": 0.0,
                    "heading_constrained": false,
                    "name": "ctrl pt 2",
                    "velocity_magnitude_constrained": false,
                    "velocity_x": 0.0,
                    "velocity_x_constrained": false,
                    "velocity_y": 0.0,
                    "velocity_y_constrained": false,
                    "waypoint_type": "custom",
                    "x": 11.533757051205198,
                    "x_constrained": true,
                    "y": 4.722218468617512,
                    "y_constrained": true
                },
                {
                    "angular_velocity": 0.0,
                    "angular_velocity_constrained": true,
                    "control_interval_count": 30,
                    "heading": -2.356194490192345,
                    "heading_constrained": true,
                    "name": "align pick 3",
                    "velocity_magnitude_constrained": false,
                    "velocity_x": -1.0,
                    "velocity_x_constrained": true,
                    "velocity_y": -1.0,
                    "velocity_y_constrained": true,
                    "waypoint_type": "custom",
                    "x": 10.2,
                    "x_constrained": true,
                    "y": 3.95,
                    "y_constrained": true
                },
                {
                    "angular_velocity": 0.0,
                    "angular_velocity_constrained": true,
                    "control_interval_count": 20,
                    "heading": -2.3420807274344932,
                    "heading_constrained": true,
                    "name": "pick 3",
                    "velocity_magnitude_constrained": true,
                    "velocity_x": 0.0,
                    "velocity_x_constrained": true,
                    "velocity_y": 0.0,
                    "velocity_y_constrained": true,
                    "waypoint_type": "custom",
                    "x": 9.645537944858937,
                    "x_constrained": true,
                    "y": 3.387315350965515,
                    "y_constrained": true
                }
            ]
        }
    },
    "robot_configuration": {
        "bumper_length": 0.954,
        "bumper_width": 0.903,
        "mass": 90.718474,
        "moment_of_inertia": 5.0,
        "motor_max_angular_speed": 73.30382858376184,
        "motor_max_torque": 3.1,
        "team_number": 2363,
        "wheel_horizontal_distance": 0.622,
        "wheel_radius": 0.051,
        "wheel_vertical_distance": 0.572
    },
    "selected_path_index": 0,
    "unit_preferences": {
        "acceleration_unit": "metre_per_second",
        "angle_unit": "degree_angle",
        "angular_speed_unit": "revolution_per_minute",
        "length_unit": "metre",
        "mass_unit": "kilogram",
        "moment_of_inertia_unit": "kilogram_square_metre",
        "speed_unit": "metre_per_second",
        "time_unit": "second",
        "torque_unit": "newton_metre"
    }
}
