{
    "field_image": {
        "default": "Charged Up"
    },
    "paths": {
        "align7": {
            "obstacles": [],
            "waypoints": [
                {
                    "angular_velocity": 0.0,
                    "angular_velocity_constrained": true,
                    "control_interval_count": 0,
                    "heading": 3.141592653589793,
                    "heading_constrained": true,
                    "name": "pick",
                    "velocity_magnitude_constrained": true,
                    "velocity_x": 0.0,
                    "velocity_x_constrained": true,
                    "velocity_y": 0.0,
                    "velocity_y_constrained": true,
                    "waypoint_type": "custom",
                    "x": 9.436213333587125,
                    "x_constrained": true,
                    "y": 4.5,
                    "y_constrained": true
                },
                {
                    "angular_velocity": 0.0,
                    "angular_velocity_constrained": true,
                    "control_interval_count": 30,
                    "heading": 3.141592653589793,
                    "heading_constrained": true,
                    "name": "stay aligned",
                    "velocity_magnitude_constrained": false,
                    "velocity_x": 0.0,
                    "velocity_x_constrained": false,
                    "velocity_y": 0.0,
                    "velocity_y_constrained": false,
                    "waypoint_type": "custom",
                    "x": 10.880340916824345,
                    "x_constrained": true,
                    "y": 4.5,
                    "y_constrained": true
                },
                {
                    "angular_velocity": 0.0,
                    "angular_velocity_constrained": false,
                    "control_interval_count": 30,
                    "heading": 6.283185307179586,
                    "heading_constrained": false,
                    "name": "stay low",
                    "velocity_magnitude_constrained": false,
                    "velocity_x": 0.0,
                    "velocity_x_constrained": false,
                    "velocity_y": 0.0,
                    "velocity_y_constrained": false,
                    "waypoint_type": "custom",
                    "x": 12.068143729941609,
                    "x_constrained": true,
                    "y": 4.462367229890294,
                    "y_constrained": true
                },
                {
                    "angular_velocity": 0.0,
                    "angular_velocity_constrained": false,
                    "control_interval_count": 30,
                    "heading": 0.0,
                    "heading_constrained": false,
                    "name": "avoid chgstat",
                    "velocity_magnitude_constrained": false,
                    "velocity_x": 0.0,
                    "velocity_x_constrained": false,
                    "velocity_y": 0.0,
                    "velocity_y_constrained": false,
                    "waypoint_type": "custom",
                    "x": 14.099109992152522,
                    "x_constrained": true,
                    "y": 4.337353043474685,
                    "y_constrained": true
                },
                {
                    "angular_velocity": 0.0,
                    "angular_velocity_constrained": true,
                    "control_interval_count": 40,
                    "heading": 0.0,
                    "heading_constrained": true,
                    "name": "align",
                    "velocity_magnitude_constrained": true,
                    "velocity_x": 0.0,
                    "velocity_x_constrained": true,
                    "velocity_y": 0.0,
                    "velocity_y_constrained": true,
                    "waypoint_type": "custom",
                    "x": 14.199692008000358,
                    "x_constrained": true,
                    "y": 3.9052839492485614,
                    "y_constrained": true
                }
            ]
        }
    },
    "robot_configuration": {
        "bumper_length": 0.954,
        "bumper_width": 0.903,
        "mass": 47.0,
        "moment_of_inertia": 3.0,
        "motor_max_angular_speed": 52.35987755982988,
        "motor_max_torque": 1.9,
        "team_number": 2363,
        "wheel_horizontal_distance": 0.622,
        "wheel_radius": 0.051,
        "wheel_vertical_distance": 0.572
    },
    "selected_path_index": 0,
    "unit_preferences": {
        "acceleration_unit": "metre_per_second",
        "angle_unit": "degree_angle",
        "angular_speed_unit": "revolution_per_minute",
        "length_unit": "metre",
        "mass_unit": "kilogram",
        "moment_of_inertia_unit": "kilogram_square_metre",
        "speed_unit": "metre_per_second",
        "time_unit": "second",
        "torque_unit": "newton_metre"
    }
}
