{
    "field_image": {
        "default": "Charged Up"
    },
    "paths": {
        "place3": {
            "obstacles": [],
            "waypoints": [
                {
                    "angular_velocity": 0.0,
                    "angular_velocity_constrained": true,
                    "control_interval_count": 0,
                    "heading": 3.141592653589793,
                    "heading_constrained": true,
                    "name": "Custom Waypoint 2",
                    "velocity_magnitude_constrained": true,
                    "velocity_x": 0.0,
                    "velocity_x_constrained": true,
                    "velocity_y": 0.0,
                    "velocity_y_constrained": true,
                    "waypoint_type": "custom",
                    "x": 9.525424871438899,
                    "x_constrained": true,
                    "y": 1.1955276831648531,
                    "y_constrained": true
                },
                {
                    "angular_velocity": 0.0,
                    "angular_velocity_constrained": false,
                    "control_interval_count": 20,
                    "heading": 0.0,
                    "heading_constrained": true,
                    "name": "Custom Waypoint 5",
                    "velocity_magnitude_constrained": false,
                    "velocity_x": 0.0,
                    "velocity_x_constrained": false,
                    "velocity_y": 0.0,
                    "velocity_y_constrained": false,
                    "waypoint_type": "custom",
                    "x": 11.109194490716,
                    "x_constrained": true,
                    "y": 0.9343701712073561,
                    "y_constrained": true
                },
                {
                    "angular_velocity": 0.0,
                    "angular_velocity_constrained": true,
                    "control_interval_count": 30,
                    "heading": 0.0,
                    "heading_constrained": true,
                    "name": "Custom Waypoint 1",
                    "velocity_magnitude_constrained": true,
                    "velocity_x": 0.3,
                    "velocity_x_constrained": true,
                    "velocity_y": 0.0,
                    "velocity_y_constrained": false,
                    "waypoint_type": "custom",
                    "x": 12.081316356131731,
                    "x_constrained": true,
                    "y": 0.932799649499931,
                    "y_constrained": true
                },
                {
                    "angular_velocity": 0.0,
                    "angular_velocity_constrained": true,
                    "control_interval_count": 30,
                    "heading": 0.0,
                    "heading_constrained": true,
                    "name": "Custom Waypoint 3",
                    "velocity_magnitude_constrained": true,
                    "velocity_x": 0.3,
                    "velocity_x_constrained": true,
                    "velocity_y": 0.0,
                    "velocity_y_constrained": false,
                    "waypoint_type": "custom",
                    "x": 13.257080167863363,
                    "x_constrained": true,
                    "y": 0.9254813787171794,
                    "y_constrained": true
                },
                {
                    "angular_velocity": 0.0,
                    "angular_velocity_constrained": false,
                    "control_interval_count": 30,
                    "heading": 0.0,
                    "heading_constrained": true,
                    "name": "Custom Waypoint 5",
                    "velocity_magnitude_constrained": true,
                    "velocity_x": 0.2,
                    "velocity_x_constrained": true,
                    "velocity_y": 0.5,
                    "velocity_y_constrained": false,
                    "waypoint_type": "custom",
                    "x": 14.344046759470475,
                    "x_constrained": true,
                    "y": 1.296192150379081,
                    "y_constrained": true
                },
                {
                    "angular_velocity": 0.0,
                    "angular_velocity_constrained": true,
                    "control_interval_count": 30,
                    "heading": 0.0,
                    "heading_constrained": true,
                    "name": "Custom Waypoint 0",
                    "velocity_magnitude_constrained": true,
                    "velocity_x": 0.0,
                    "velocity_x_constrained": true,
                    "velocity_y": 0.0,
                    "velocity_y_constrained": true,
                    "waypoint_type": "custom",
                    "x": 14.633007919174299,
                    "x_constrained": true,
                    "y": 1.6457419403433833,
                    "y_constrained": true
                }
            ]
        }
    },
    "robot_configuration": {
        "bumper_length": 0.954,
        "bumper_width": 0.903,
        "mass": 46.7,
        "moment_of_inertia": 1.0,
        "motor_max_angular_speed": 41.8879020478639,
        "motor_max_torque": 1.25,
        "team_number": 2363,
        "wheel_horizontal_distance": 0.622,
        "wheel_radius": 0.051,
        "wheel_vertical_distance": 0.572
    },
    "selected_path_index": 0,
    "unit_preferences": {
        "acceleration_unit": "metre_per_second",
        "angle_unit": "degree_angle",
        "angular_speed_unit": "revolution_per_minute",
        "length_unit": "metre",
        "mass_unit": "kilogram",
        "moment_of_inertia_unit": "kilogram_square_metre",
        "speed_unit": "metre_per_second",
        "time_unit": "second",
        "torque_unit": "newton_metre"
    }
}
