{
  "NTProvider": {
    "types": {
      "/FMSInfo": "FMSInfo",
      "/SmartDashboard/Arm Mechanism": "Mechanism2d",
      "/SmartDashboard/Auto Mode": "String Chooser",
      "/SmartDashboard/Field": "Field2d"
    }
  },
  "NetworkTables": {
    "transitory": {
      "SmartDashboard": {
        "Arm Mechanism": {
          "arm": {
            "pivot": {
              "open": false,
              "telescope": {
                "open": false,
                "wrist": {
                  "open": false
                }
              }
            }
          }
        }
      }
    }
  }
}
